{
    "batch_size": 128,
    "best_eval_metric": 3.702812433242798,
    "best_increase_batch_size_eval_metric": Infinity,
    "best_reduce_learning_rate_eval_metric": Infinity,
    "epoch": 28,
    "last_improvement": 4,
    "last_improvement_epoch": 24,
    "last_increase_batch_size": 0,
    "last_increase_batch_size_epoch": 0,
    "last_increase_batch_size_eval_metric_improvement": 0,
    "last_learning_rate_reduction": 0,
    "last_learning_rate_reduction_epoch": 0,
    "last_reduce_learning_rate_eval_metric_improvement": 0,
    "learning_rate": 0.001,
    "num_increases_batch_size": 0,
    "num_reductions_learning_rate": 0,
    "steps": 476,
    "test_metrics": {
        "combined": {
            "loss": [
                5.923270225524902,
                5.699605941772461,
                5.544114112854004,
                5.442744731903076,
                5.310633659362793,
                5.15360689163208,
                5.0276947021484375,
                4.898463249206543,
                4.7358527183532715,
                4.605093955993652,
                4.50128698348999,
                4.395359992980957,
                4.247096538543701,
                4.097982883453369,
                3.9444026947021484,
                3.8736557960510254,
                3.737666606903076,
                3.6653976440429688,
                3.5456080436706543,
                3.460145950317383,
                3.417304515838623,
                3.484142303466797,
                3.4138481616973877,
                3.2693798542022705,
                3.3946006298065186,
                3.335315227508545,
                3.350144147872925,
                3.2884621620178223
            ]
        },
        "label": {
            "accuracy": [
                0.24831080436706543,
                0.24831080436706543,
                0.24831080436706543,
                0.24831080436706543,
                0.24831080436706543,
                0.24831080436706543,
                0.2550675570964813,
                0.27195945382118225,
                0.3243243098258972,
                0.37331080436706543,
                0.4206081032752991,
                0.46621620655059814,
                0.5152027010917664,
                0.5608108043670654,
                0.6030405163764954,
                0.6317567825317383,
                0.6469594836235046,
                0.6706081032752991,
                0.6875,
                0.6925675868988037,
                0.7094594836235046,
                0.7145270109176636,
                0.7280405163764954,
                0.7398648858070374,
                0.7415540814399719,
                0.7516891956329346,
                0.7533783912658691,
                0.7550675868988037
            ],
            "hits_at_k": [
                0.2567567527294159,
                0.2922297418117523,
                0.3310810923576355,
                0.3682432472705841,
                0.4560810923576355,
                0.4932432472705841,
                0.5304054021835327,
                0.537162184715271,
                0.5709459185600281,
                0.5810810923576355,
                0.6013513803482056,
                0.6097972989082336,
                0.6351351141929626,
                0.6469594836235046,
                0.6824324131011963,
                0.6875,
                0.7043918967247009,
                0.7111486196517944,
                0.712837815284729,
                0.7179054021835327,
                0.7280405163764954,
                0.7297297120094299,
                0.7398648858070374,
                0.7533783912658691,
                0.7550675868988037,
                0.7584459185600281,
                0.7584459185600281,
                0.7584459185600281
            ],
            "loss": [
                5.923270225524902,
                5.699605941772461,
                5.544114112854004,
                5.442744731903076,
                5.310633659362793,
                5.15360689163208,
                5.0276947021484375,
                4.898463249206543,
                4.7358527183532715,
                4.605093955993652,
                4.50128698348999,
                4.395359992980957,
                4.247096538543701,
                4.097982883453369,
                3.9444026947021484,
                3.8736557960510254,
                3.737666606903076,
                3.6653976440429688,
                3.5456080436706543,
                3.460145950317383,
                3.417304515838623,
                3.484142303466797,
                3.4138481616973877,
                3.2693798542022705,
                3.3946006298065186,
                3.335315227508545,
                3.350144147872925,
                3.2884621620178223
            ]
        }
    },
    "train_metrics": {
        "combined": {
            "loss": [
                5.831470966339111,
                5.107823848724365,
                4.827141761779785,
                4.613053321838379,
                4.402105331420898,
                4.20871639251709,
                4.016632080078125,
                3.8291845321655273,
                3.643019676208496,
                3.4552485942840576,
                3.2661006450653076,
                3.080873489379883,
                2.8962180614471436,
                2.7167742252349854,
                2.5444271564483643,
                2.3700222969055176,
                2.201000452041626,
                2.0457797050476074,
                1.887487530708313,
                1.7229304313659668,
                1.5525134801864624,
                1.4092175960540771,
                1.2961080074310303,
                1.1976068019866943,
                1.0958033800125122,
                1.0090709924697876,
                0.9278995990753174,
                0.850597620010376
            ]
        },
        "label": {
            "accuracy": [
                0.2239457070827484,
                0.2239457070827484,
                0.2239457070827484,
                0.2239457070827484,
                0.22443044185638428,
                0.22491517663002014,
                0.23848764598369598,
                0.28162869811058044,
                0.353368878364563,
                0.42607852816581726,
                0.48860880732536316,
                0.5370818972587585,
                0.5996122360229492,
                0.6480852961540222,
                0.6873485445976257,
                0.7033446431159973,
                0.7300048470497131,
                0.7556955814361572,
                0.7896267771720886,
                0.8080465197563171,
                0.8492486476898193,
                0.87445467710495,
                0.9243819713592529,
                0.9684925079345703,
                0.9728550910949707,
                0.9815801978111267,
                0.9840039014816284,
                0.9932137727737427
            ],