{
    "test": {
        "combined": {
            "loss": [
                0.052351560443639755,
                0.047364115715026855,
                0.04518333077430725,
                0.0419037751853466,
                0.03850071132183075,
                0.037219952791929245,
                0.03654017299413681,
                0.03381703048944473,
                0.03158125653862953,
                0.0321887731552124,
                0.02893178164958954,
                0.028512300923466682,
                0.028949985280632973,
                0.027975553646683693,
                0.027342379093170166,
                0.0265242550522089,
                0.026213347911834717,
                0.025961175560951233,
                0.024795714765787125,
                0.025767534971237183,
                0.02523515559732914,
                0.024523181840777397,
                0.0237800981849432,
                0.024535411968827248,
                0.022980479523539543,
                0.023481491953134537,
                0.02244376391172409,
                0.02274227701127529,
                0.023205675184726715,
                0.024643748998641968,
                0.021884748712182045,
                0.02339879609644413,
                0.022793203592300415,
                0.022613301873207092,
                0.0222012996673584,
                0.023103713989257812
            ]
        },
        "label": {
            "accuracy": [
                0.9827404618263245,
                0.9838492274284363,
                0.9843944907188416,
                0.9857827425003052,
                0.9864608645439148,
                0.9865570664405823,
                0.986579954624176,
                0.9877575039863586,
                0.9882248640060425,
                0.9880919456481934,
                0.9892144799232483,
                0.9891641139984131,
                0.9889395833015442,
                0.9893656969070435,
                0.9891595244407654,
                0.9897918105125427,
                0.9897597432136536,
                0.9900117516517639,
                0.9900621175765991,
                0.9900025725364685,
                0.9902591705322266,
                0.9901171326637268,
                0.9905798435211182,
                0.9904836416244507,
                0.9907494187355042,
                0.9904469847679138,
                0.9907723069190979,
                0.9906485676765442,
                0.9906440377235413,
                0.9901308417320251,
                0.9910517930984497,
                0.9905753135681152,
                0.9910380244255066,
                0.9909281134605408,
                0.9909189343452454,
                0.9907585382461548
            ],
            "loss": [
                0.052351560443639755,
                0.047364115715026855,
                0.04518333077430725,
                0.0419037751853466,
                0.03850071132183075,
                0.037219952791929245,
                0.03654017299413681,
                0.03381703048944473,
                0.03158125653862953,
                0.0321887731552124,
                0.02893178164958954,
                0.028512300923466682,
                0.028949985280632973,
                0.027975553646683693,
                0.027342379093170166,
                0.0265242550522089,
                0.026213347911834717,
                0.025961175560951233,
                0.024795714765787125,
                0.025767534971237183,
                0.02523515559732914,
                0.024523181840777397,
                0.0237800981849432,
                0.024535411968827248,
                0.022980479523539543,
                0.023481491953134537,
                0.02244376391172409,
                0.02274227701127529,
                0.023205675184726715,
                0.024643748998641968,
                0.021884748712182045,
                0.02339879609644413,
                0.022793203592300415,
                0.022613301873207092,
                0.0222012996673584,
                0.023103713989257812
            ],
            "roc_auc": [
                0.9556335806846619,
                0.9646412134170532,
                0.9704709649085999,
                0.9757704734802246,
                0.9804736375808716,
                0.9810870885848999,
                0.982833981513977,
                0.9847655296325684,
                0.9874401688575745,
                0.986456036567688,
                0.9903296828269958,
                0.9899088740348816,
                0.989804744720459,
                0.9894529581069946,
                0.9910880923271179,
                0.9923102259635925,
                0.9921801686286926,
                0.9920569658279419,
                0.993289589881897,
                0.9915705323219299,
                0.9920877814292908,
                0.992652177810669,
                0.9938346743583679,
                0.9928942322731018,
                0.9939318299293518,
                0.9942477941513062,
                0.9944027066230774,
                0.9938236474990845,
                0.9940966367721558,
                0.9932097792625427,
                0.9945241212844849,
                0.9943933486938477,
                0.9937929511070251,
                0.9942103624343872,
                0.9945859909057617,
                0.9931797385215759
            ]
        }
    },
    "training": {
        "combined": {
            "loss": [
                0.05339525640010834,
                0.047964032739400864,
                0.04573092237114906,
                0.04266170412302017,
                0.03907642886042595,
                0.037902045994997025,
                0.03688463196158409,
                0.03406322002410889,
                0.03191177174448967,
                0.03270094469189644,
                0.029365403577685356,
                0.028888141736388206,
                0.028782695531845093,
                0.02827427163720131,
                0.02745387703180313,
                0.026674535125494003,
                0.026436910033226013,
                0.02599777840077877,
                0.024541107937693596,
                0.02574232779443264,
                0.025368982926011086,
                0.024581562727689743,
                0.02342751994729042,
                0.024368582293391228,
                0.022853955626487732,
                0.02305341325700283,
                0.02243824303150177,
                0.02242538332939148,
                0.023105692118406296,
                0.024685082957148552,
                0.02174387127161026,
                0.0232680756598711,
                0.02247433550655842,
                0.02225632406771183,
                0.022245775908231735,
                0.022404570132493973
            ]
        },